participant_id,stimulus,marker,time
1,left,1,11.124958099993819
1,R,4,15.675677999999607
1,←,5,20.225385999998252
1,→,6,24.792657599995437
1,L,3,29.343150899992906
1,right,2,33.894317799997225
1,left,1,38.459929799995734
